scorecard_id,candidate_id,interviewer_name,interview_stage,competency,score,notes,submitted_at
1,4,Allison Hill,Panel,Communication,2,Cause bill scientist nation opportunity all behavior discussion.,2026-02-02T11:00:34
2,4,Allison Hill,Panel,Problem Solving,1,Ago current practice nation determine operation speak according south recently future choice whatever.,2026-02-02T11:00:34
3,4,Allison Hill,Panel,Ownership,5,Bill here grow gas enough analysis least by two bad.,2026-02-02T11:00:34
4,4,Allison Hill,Panel,Systems Thinking,1,Stop peace technology officer relate animal direction eye bag.,2026-02-02T11:00:34
5,4,Allison Hill,Panel,Execution,5,Term herself law street class great prove reduce.,2026-02-02T11:00:34
6,4,Andrea Reid,Panel,Communication,2,Rock clear here writer policy news range successful simply director allow firm.,2026-02-12T18:00:34
7,4,Andrea Reid,Panel,Ownership,5,At tree note responsibility defense material those poor central.,2026-02-12T18:00:34
8,4,Andrea Reid,Panel,Systems Thinking,5,East no enjoy once today human despite.,2026-02-12T18:00:34
9,4,Andrea Reid,Panel,Execution,1,Meeting before another body physical society instead.,2026-02-12T18:00:34
10,8,James Ferrell,Panel,Communication,2,Edge network wall quite boy those seem shoulder future fall citizen about.,2026-02-04T21:00:34
11,8,James Ferrell,Panel,Problem Solving,4,Will seven medical blood personal success medical current hear.,2026-02-04T21:00:34
12,8,James Ferrell,Panel,Ownership,5,Much single morning a food affect upon these.,2026-02-04T21:00:34
13,8,James Ferrell,Panel,Systems Thinking,3,Dream drive note bad rule staff within mouth call.,2026-02-04T21:00:34
14,8,James Ferrell,Panel,Execution,1,Water close month parent who up sense ready require human public health.,2026-02-04T21:00:34
15,8,Jocelyn Wright,Panel,Communication,3,Full open discover detail audience piece.,2026-02-01T14:00:34
16,8,Jocelyn Wright,Panel,Problem Solving,3,Attack all form method everything magazine much rich.,2026-02-01T14:00:34
17,8,Jocelyn Wright,Panel,Ownership,2,Office drug list imagine behind probably great in tell approach president position art.,2026-02-01T14:00:34
18,8,Jocelyn Wright,Panel,Systems Thinking,2,Song body court movie cell contain leg themselves away space.,2026-02-01T14:00:34
19,8,Jocelyn Wright,Panel,Execution,3,Better present music address behavior send door image loss ten total clearly able.,2026-02-01T14:00:34
20,8,Timothy Glover,Panel,Communication,3,Institution whatever yet new responsibility choice father why often.,2026-02-22T17:00:34
21,8,Timothy Glover,Panel,Problem Solving,3,Article finish anyone live try most arm meet surface attention attack technology.,2026-02-22T17:00:34
22,8,Timothy Glover,Panel,Ownership,5,Build three east organization people information on mission various daughter respond.,2026-02-22T17:00:34
23,8,Timothy Glover,Panel,Systems Thinking,3,Enter capital population lead upon very act perform none.,2026-02-22T17:00:34
24,8,Timothy Glover,Panel,Execution,1,Available defense enter value thing these hard.,2026-02-22T17:00:34
25,8,Roy Warner,Panel,Communication,4,Worker southern more property never use billion there enough threat score choice example.,2026-02-02T05:00:34
26,8,Roy Warner,Panel,Problem Solving,1,Response data plant enough major town suffer begin.,2026-02-02T05:00:34
27,8,Roy Warner,Panel,Ownership,5,Stop analysis four capital woman claim kind relationship night born war.,2026-02-02T05:00:34
28,8,Roy Warner,Panel,Systems Thinking,3,Nation strong old challenge camera final together.,2026-02-02T05:00:34
29,8,Roy Warner,Panel,Execution,5,Together decide economic bill sister this.,2026-02-02T05:00:34
30,13,Marc Moore,Panel,Communication,1,Ten wish specific thing agent say forward us soon.,2026-02-07T13:00:34
31,13,Marc Moore,Panel,Problem Solving,2,Environment skin blue the teach develop staff least figure.,2026-02-07T13:00:34
32,13,Marc Moore,Panel,Ownership,3,Development process huge everything attorney significant go meeting.,2026-02-07T13:00:34
33,13,Marc Moore,Panel,Systems Thinking,1,Former agree theory end oil worker although others generation skill job worker.,2026-02-07T13:00:34
34,13,Marc Moore,Panel,Execution,2,History office effort remember ability understand Mrs.,2026-02-07T13:00:34
35,13,Natalie Lambert,Panel,Communication,4,Issue we TV perhaps professional by tonight medical project for.,2026-01-29T16:00:34
36,13,Natalie Lambert,Panel,Problem Solving,3,Never court professor here security community notice image street.,2026-01-29T16:00:34
37,13,Natalie Lambert,Panel,Ownership,2,Expert involve oil pressure let kind degree list top.,2026-01-29T16:00:34
38,13,Natalie Lambert,Panel,Systems Thinking,3,Probably exist professional people behavior weight dog financial.,2026-01-29T16:00:34
39,13,Natalie Lambert,Panel,Execution,3,Challenge animal worker particularly shoulder lay though offer.,2026-01-29T16:00:34
40,13,Janet Ross,Panel,Communication,1,Prevent accept seem show blood interesting compare.,2026-02-18T22:00:34
41,13,Janet Ross,Panel,Problem Solving,5,Let newspaper true building card let most next fish sense kind spring.,2026-02-18T22:00:34
42,13,Janet Ross,Panel,Ownership,2,Interview trade knowledge city technology late seem style everyone sing machine dream.,2026-02-18T22:00:34
43,13,Janet Ross,Panel,Systems Thinking,5,Back experience even floor music catch discuss really relationship ask imagine.,2026-02-18T22:00:34
44,13,Janet Ross,Panel,Execution,2,Letter artist strategy hope show watch affect thing offer local wall fear.,2026-02-18T22:00:34
45,19,Steven Houston,Panel,Communication,3,Section national owner determine detail job ahead from quickly identify close level.,2026-02-03T02:00:34
46,19,Steven Houston,Panel,Problem Solving,1,Wonder move trade option production base investment.,2026-02-03T02:00:34
47,19,Steven Houston,Panel,Ownership,2,Consider employee force lawyer front they everything week instead strong like.,2026-02-03T02:00:34
48,19,Steven Houston,Panel,Systems Thinking,1,Appear weight difference attention whatever American all easy stuff perform draw list.,2026-02-03T02:00:34
49,19,Steven Houston,Panel,Execution,3,Nor design record short cold parent security.,2026-02-03T02:00:34
50,19,Robert Oconnell,Panel,Communication,3,Official up office traditional heart walk cup.,2026-02-13T11:00:34
51,19,Robert Oconnell,Panel,Problem Solving,2,Real physical big significant sure outside building worker site girl into have media.,2026-02-13T11:00:34
52,19,Robert Oconnell,Panel,Ownership,4,Actually information majority item gun through least check computer miss.,2026-02-13T11:00:34
53,19,Robert Oconnell,Panel,Systems Thinking,4,Pattern try simple let stay or focus early various.,2026-02-13T11:00:34
54,19,Jerry Christensen,Panel,Communication,3,Particular her agreement surface consider deep something future they red everybody act way.,2026-01-27T23:00:34
55,19,Jerry Christensen,Panel,Problem Solving,2,Drop image new drive live Republican large.,2026-01-27T23:00:34
56,19,Jerry Christensen,Panel,Ownership,2,Behavior develop reality fill ok list.,2026-01-27T23:00:34
57,19,Jerry Christensen,Panel,Systems Thinking,5,Gas you nearly goal law fill discover return firm sea week real.,2026-01-27T23:00:34
58,19,Jerry Christensen,Panel,Execution,5,Describe machine right with modern executive beyond create.,2026-01-27T23:00:34
59,19,Christopher Smith,Panel,Communication,5,Call animal approach factor want point sell bill activity expect long future.,2026-02-16T20:00:34
60,19,Christopher Smith,Panel,Problem Solving,4,Education technology box assume man officer.,2026-02-16T20:00:34
61,19,Christopher Smith,Panel,Ownership,3,Charge specific we be easy newspaper.,2026-02-16T20:00:34
62,19,Christopher Smith,Panel,Systems Thinking,2,Paper so difficult mission late kind team wrong figure perform participant.,2026-02-16T20:00:34
63,19,Christopher Smith,Panel,Execution,2,Way debate decision produce church community avoid.,2026-02-16T20:00:34
64,24,Jerry Wheeler,Panel,Communication,2,Allow explain executive teacher author do enough social operation.,2026-02-01T18:00:34
65,24,Jerry Wheeler,Panel,Problem Solving,2,Interesting name positive training step author coach film.,2026-02-01T18:00:34
66,24,Jerry Wheeler,Panel,Ownership,4,Tv keep light fight I evening music just our threat same page ago.,2026-02-01T18:00:34
67,24,Jerry Wheeler,Panel,Systems Thinking,5,While structure offer week yourself public especially American.,2026-02-01T18:00:34
68,24,Jerry Wheeler,Panel,Execution,1,Like prepare trouble consider one play man before.,2026-02-01T18:00:34
69,24,Gary Santiago,Panel,Communication,4,Form really explain war spend nearly lawyer fire.,2026-02-13T07:00:34
70,24,Gary Santiago,Panel,Problem Solving,5,Break significant ten stay ability thank left approach million performance.,2026-02-13T07:00:34
71,24,Gary Santiago,Panel,Ownership,3,Personal service data near until just recognize building win participant dream citizen.,2026-02-13T07:00:34
72,24,Gary Santiago,Panel,Systems Thinking,5,Add impact different success box water positive child usually factor relate indeed lot.,2026-02-13T07:00:34
73,24,Gary Santiago,Panel,Execution,1,During necessary himself two meet these tell everybody so increase various meet.,2026-02-13T07:00:34
74,32,Diane Evans,Panel,Communication,3,Oil process tend land machine forward several help usually thank wonder draw him.,2026-02-04T02:00:34
75,32,Diane Evans,Panel,Problem Solving,1,Analysis seat relate specific history professional star wonder manager already maybe.,2026-02-04T02:00:34
76,32,Diane Evans,Panel,Ownership,3,Forward beyond suddenly between treat address century that wide avoid sit enter perhaps.,2026-02-04T02:00:34
77,32,Diane Evans,Panel,Systems Thinking,4,Power system system teacher here first responsibility service their along attention.,2026-02-04T02:00:34
78,32,Diane Evans,Panel,Execution,2,Range explain dinner bed within set region beyond coach federal ahead food argue grow.,2026-02-04T02:00:34
79,32,David Jenkins,Panel,Communication,3,Color bad that people drive tree central leave.,2026-02-11T19:00:34
80,32,David Jenkins,Panel,Problem Solving,5,Least project together let explain national available war write.,2026-02-11T19:00:34
81,32,David Jenkins,Panel,Ownership,2,Police interesting economic suddenly current his low down occur.,2026-02-11T19:00:34
82,32,David Jenkins,Panel,Systems Thinking,5,Fast recognize against stop how account ten sing wind treat seat strategy total.,2026-02-11T19:00:34
83,32,David Jenkins,Panel,Execution,1,Parent good PM per question return process stuff.,2026-02-11T19:00:34
84,33,Stephanie Lucas,Panel,Communication,2,Small almost half capital travel force indeed customer skill.,2026-01-29T23:00:34
85,33,Stephanie Lucas,Panel,Problem Solving,2,Most tree store either station loss southern second full boy.,2026-01-29T23:00:34
86,33,Stephanie Lucas,Panel,Ownership,3,Cell whom team right woman whose.,2026-01-29T23:00:34
87,33,Stephanie Lucas,Panel,Systems Thinking,2,Hand so add Mr lawyer pull public once state wait board doctor agent.,2026-01-29T23:00:34
88,33,Stephanie Lucas,Panel,Execution,5,Foreign particular positive play less red power bring animal also you break doctor.,2026-01-29T23:00:34
89,33,Jasmine Watson,Panel,Communication,5,Industry score choice increase between majority impact week allow have kitchen wear.,2026-01-26T03:00:34
90,33,Jasmine Watson,Panel,Problem Solving,3,Between rate name within grow huge couple business summer lawyer.,2026-01-26T03:00:34
91,33,Jasmine Watson,Panel,Ownership,4,Politics others again skill during call north attention.,2026-01-26T03:00:34
92,33,Jasmine Watson,Panel,Systems Thinking,1,Debate democratic thank forget challenge too able teach certain candidate economy company produce.,2026-01-26T03:00:34
93,33,Jasmine Watson,Panel,Execution,1,Capital group small open administration enter.,2026-01-26T03:00:34
94,33,Jason Wilson,Panel,Communication,3,Live sing message board mean war.,2026-01-27T08:00:34
95,33,Jason Wilson,Panel,Problem Solving,2,Road training probably feeling poor all.,2026-01-27T08:00:34
96,33,Jason Wilson,Panel,Ownership,1,Suggest international blue Republican kitchen tonight focus chance call person one Republican.,2026-01-27T08:00:34
97,33,Jason Wilson,Panel,Systems Thinking,2,Yes most law painting between reduce table prepare shoulder result.,2026-01-27T08:00:34
98,33,Jason Wilson,Panel,Execution,5,Involve thousand including still human role fine fine.,2026-01-27T08:00:34
99,39,Troy Mcdaniel,Panel,Communication,5,Attack story behavior benefit school speech news only no form business government.,2026-02-02T04:00:34
100,39,Troy Mcdaniel,Panel,Problem Solving,2,Test return why outside goal official defense prevent difference board suddenly.,2026-02-02T04:00:34
101,39,Troy Mcdaniel,Panel,Ownership,2,Boy everything difficult investment night should perform push news participant.,2026-02-02T04:00:34
102,39,Troy Mcdaniel,Panel,Systems Thinking,4,Ahead event several TV go consider century price attorney.,2026-02-02T04:00:34
103,39,Troy Mcdaniel,Panel,Execution,5,Begin most heavy law church find.,2026-02-02T04:00:34
104,39,Todd Carlson,Panel,Communication,5,Choose senior anyone bank kitchen interest.,2026-02-20T11:00:34
105,39,Todd Carlson,Panel,Problem Solving,4,Kind event sense box involve exist question main project animal house out account.,2026-02-20T11:00:34
106,39,Todd Carlson,Panel,Ownership,2,War should share face build market issue can mouth.,2026-02-20T11:00:34
107,39,Todd Carlson,Panel,Systems Thinking,5,Matter street south author technology amount affect TV.,2026-02-20T11:00:34
108,39,Todd Carlson,Panel,Execution,2,Office of remember individual boy again foot soon peace story.,2026-02-20T11:00:34
109,40,Anita Richard,Panel,Communication,5,Job hundred bad that second develop single baby plan.,2026-02-03T23:00:34
110,40,Anita Richard,Panel,Problem Solving,4,Member town glass road standard spring door chair culture own set pretty.,2026-02-03T23:00:34
111,40,Anita Richard,Panel,Ownership,1,Week physical less nor often race think poor.,2026-02-03T23:00:34
112,40,Anita Richard,Panel,Systems Thinking,2,Follow wife firm key light place someone option goal avoid left also hard.,2026-02-03T23:00:34
113,40,Anita Richard,Panel,Execution,2,Baby ten talk past medical leg never social time.,2026-02-03T23:00:34
114,40,Robert Pearson,Panel,Communication,2,Painting may whatever late specific study word base position always.,2026-02-23T09:00:34
115,40,Robert Pearson,Panel,Problem Solving,5,Yard model particular hair truth hold simple quickly appear piece free.,2026-02-23T09:00:34
116,40,Robert Pearson,Panel,Ownership,2,Behind question exist rich prevent trade their four old center.,2026-02-23T09:00:34
117,40,Robert Pearson,Panel,Systems Thinking,1,Financial prevent product can remember be next poor foreign campaign.,2026-02-23T09:00:34
118,40,Theresa Osborn,Panel,Communication,2,Behavior provide meet adult final week game she court yourself choice fast.,2026-02-22T21:00:34
119,40,Theresa Osborn,Panel,Problem Solving,1,Medical music school money product then peace.,2026-02-22T21:00:34
120,40,Theresa Osborn,Panel,Ownership,1,Heavy class story side speak close join improve put down know expect security.,2026-02-22T21:00:34
121,40,Theresa Osborn,Panel,Systems Thinking,3,Doctor dream whole six tough create question now key show sing.,2026-02-22T21:00:34
122,40,Theresa Osborn,Panel,Execution,1,Month whom stage soon catch economic political them never bill suffer surface.,2026-02-22T21:00:34
123,47,Phillip Nelson,Panel,Communication,2,Challenge join watch develop later glass ago apply maybe dog yes heart.,2026-02-04T04:00:34
124,47,Phillip Nelson,Panel,Problem Solving,5,Five between research friend certainly although.,2026-02-04T04:00:34
125,47,Phillip Nelson,Panel,Ownership,5,Receive catch relationship large accept bad eight strong nature road month book.,2026-02-04T04:00:34
126,47,Phillip Nelson,Panel,Systems Thinking,4,Down business draw police performance artist student matter movie.,2026-02-04T04:00:34
127,47,Phillip Nelson,Panel,Execution,2,Middle drop century investment pass drive indicate professor beat window attack moment medical write.,2026-02-04T04:00:34
128,47,Jeanette Harrison,Panel,Communication,2,Wonder effect administration small general run pick sign same forward.,2026-01-31T04:00:34
129,47,Jeanette Harrison,Panel,Problem Solving,1,Good full poor store range wonder.,2026-01-31T04:00:34
130,47,Jeanette Harrison,Panel,Ownership,1,Place specific as simply leader fall analysis current among value middle writer.,2026-01-31T04:00:34
131,47,Jeanette Harrison,Panel,Systems Thinking,4,List already positive experience television answer pretty event son join hundred keep.,2026-01-31T04:00:34
132,47,Jeanette Harrison,Panel,Execution,3,Fund cost reality happen something entire bar interesting issue yet.,2026-01-31T04:00:34
133,47,Edward Garcia,Panel,Communication,1,Produce fill owner international ready goal amount thank good your.,2026-02-12T06:00:34
134,47,Edward Garcia,Panel,Problem Solving,1,Police social arm provide image message seek civil all.,2026-02-12T06:00:34
135,47,Edward Garcia,Panel,Ownership,1,Question just call door population gun we allow check last he know baby.,2026-02-12T06:00:34
136,47,Edward Garcia,Panel,Systems Thinking,4,Morning huge power economic box save material.,2026-02-12T06:00:34
137,47,Edward Garcia,Panel,Execution,3,Trial brother simple region Democrat partner really your customer career.,2026-02-12T06:00:34
138,49,Christopher Reeves,Panel,Communication,4,Specific whose worry property remember nearly face.,2026-02-18T13:00:34
139,49,Christopher Reeves,Panel,Problem Solving,2,Surface Republican until point soldier meeting building cut catch.,2026-02-18T13:00:34
140,49,Christopher Reeves,Panel,Ownership,4,Ago network hard sound necessary partner beat finally yourself rest moment shoulder.,2026-02-18T13:00:34
141,49,Christopher Reeves,Panel,Systems Thinking,2,Available win politics last quite general there sister policy consider whom item treat.,2026-02-18T13:00:34
142,49,Christopher Reeves,Panel,Execution,3,Story million fight class various different.,2026-02-18T13:00:34
143,49,Kelly Campbell,Panel,Communication,1,Economy play nearly by field move maybe.,2026-02-11T12:00:34
144,49,Kelly Campbell,Panel,Problem Solving,4,Option oil commercial person top front under American.,2026-02-11T12:00:34
145,49,Kelly Campbell,Panel,Ownership,5,Ball we side enough decision occur.,2026-02-11T12:00:34
146,49,Kelly Campbell,Panel,Systems Thinking,1,Police marriage phone face what lot source rate father authority art keep machine.,2026-02-11T12:00:34
147,49,Kelly Campbell,Panel,Execution,1,Future century technology floor write generation human set.,2026-02-11T12:00:34
148,50,Ashley Allen,Panel,Communication,2,Environment easy best face his past eat.,2026-01-30T19:00:34
149,50,Ashley Allen,Panel,Problem Solving,2,Spend value return couple city you level these.,2026-01-30T19:00:34
150,50,Ashley Allen,Panel,Ownership,4,Age war measure whom Democrat good anything manager think pressure like Mr.,2026-01-30T19:00:34
151,50,Ashley Allen,Panel,Systems Thinking,4,Issue think road shake hand hundred now.,2026-01-30T19:00:34
152,50,Ashley Allen,Panel,Execution,4,Guy eye hit late near stay perhaps particularly.,2026-01-30T19:00:34
153,50,Brent Brooks,Panel,Communication,2,Newspaper hand certain own husband American although require sound mind.,2026-02-19T07:00:34
154,50,Brent Brooks,Panel,Problem Solving,4,Paper middle foreign party class wrong school.,2026-02-19T07:00:34
155,50,Brent Brooks,Panel,Ownership,1,Order medical meeting majority none little admit former body.,2026-02-19T07:00:34
156,50,Brent Brooks,Panel,Systems Thinking,4,On someone rise read ago listen whose situation simply officer return.,2026-02-19T07:00:34
157,50,Brent Brooks,Panel,Execution,3,Lose modern return simple herself start drug occur red course kid industry include.,2026-02-19T07:00:34
158,50,Jonathan Carr,Panel,Communication,5,Their save artist catch debate foot production moment finish community treatment garden.,2026-01-27T05:00:34
159,50,Jonathan Carr,Panel,Problem Solving,4,Put test race sound enough machine whatever everything fear walk.,2026-01-27T05:00:34
160,50,Jonathan Carr,Panel,Ownership,2,Side relate real major look night various return explain.,2026-01-27T05:00:34
161,50,Jonathan Carr,Panel,Systems Thinking,2,Quality here woman stand west source fact explain research get kind either look.,2026-01-27T05:00:34
162,50,Jonathan Carr,Panel,Execution,3,Still even no even body scientist dream anything.,2026-01-27T05:00:34
163,50,Courtney Hall,Panel,Communication,5,Including response beyond side accept nearly upon.,2026-02-19T18:00:34
164,50,Courtney Hall,Panel,Problem Solving,1,Present thing little practice sense expert experience arrive shoulder present discussion.,2026-02-19T18:00:34
165,50,Courtney Hall,Panel,Ownership,3,Tree company think compare try young.,2026-02-19T18:00:34
166,50,Courtney Hall,Panel,Systems Thinking,1,Small control see the face also fear owner up friend lawyer.,2026-02-19T18:00:34
167,50,Courtney Hall,Panel,Execution,1,Modern threat care mean evening speak former room possible responsibility add front.,2026-02-19T18:00:34
168,51,Michael Lee,Panel,Communication,5,Task today still middle beautiful protect continue cell food easy end dog send.,2026-01-27T03:00:34
169,51,Michael Lee,Panel,Problem Solving,1,Few reveal activity president realize artist brother fill if maybe.,2026-01-27T03:00:34
170,51,Michael Lee,Panel,Ownership,2,Real police wait happen determine whatever long lawyer writer.,2026-01-27T03:00:34
171,51,Michael Lee,Panel,Systems Thinking,1,Indeed near likely Mr professional despite easy senior their bank.,2026-01-27T03:00:34
172,51,Michael Lee,Panel,Execution,5,Month gun true born stock total dark Mr clearly take kind.,2026-01-27T03:00:34
173,51,Michelle Burns,Panel,Communication,4,Knowledge argue car indeed nor next pull final against effort able design.,2026-02-22T22:00:34
174,51,Michelle Burns,Panel,Problem Solving,1,And general as yes various attorney.,2026-02-22T22:00:34
175,51,Michelle Burns,Panel,Ownership,5,All important shoulder she within position inside year him thank trade heart.,2026-02-22T22:00:34
176,51,Michelle Burns,Panel,Systems Thinking,2,Card team budget year hotel camera without strong series without leg rest.,2026-02-22T22:00:34
177,51,Michelle Burns,Panel,Execution,5,Mother statement easy get every visit right both special information she.,2026-02-22T22:00:34
178,51,Alexis Harris,Panel,Communication,4,Order land public the each analysis keep.,2026-02-06T18:00:34
179,51,Alexis Harris,Panel,Problem Solving,5,Describe tell argue mean eye staff rule five our pull fly few.,2026-02-06T18:00:34
180,51,Alexis Harris,Panel,Ownership,5,Worry miss including every news option same.,2026-02-06T18:00:34
181,51,Alexis Harris,Panel,Systems Thinking,5,Personal interview many win walk provide skill five.,2026-02-06T18:00:34
182,51,Alexis Harris,Panel,Execution,3,Impact feel contain Mrs drive different tax certain leg arm include.,2026-02-06T18:00:34
183,51,Joseph Price,Panel,Communication,3,Data position two suggest begin right couple environmental purpose.,2026-01-27T11:00:34
184,51,Joseph Price,Panel,Problem Solving,2,Always authority source onto provide describe decade trade field training deep couple scientist.,2026-01-27T11:00:34
185,51,Joseph Price,Panel,Ownership,3,Trial receive region however dream focus executive letter possible final growth third.,2026-01-27T11:00:34
186,51,Joseph Price,Panel,Systems Thinking,4,Better wonder light style trial have including none determine certainly end.,2026-01-27T11:00:34
187,51,Joseph Price,Panel,Execution,2,Often individual charge form here street material pressure range either start whom politics.,2026-01-27T11:00:34
188,52,Christopher Norton Jr.,Panel,Communication,1,Major true my politics arrive almost suggest war property share include successful.,2026-02-11T09:00:34
189,52,Christopher Norton Jr.,Panel,Problem Solving,1,Attack character despite lay art point value tree.,2026-02-11T09:00:34
190,52,Christopher Norton Jr.,Panel,Ownership,4,Administration mother in admit reveal movie expert maybe recently issue vote conference.,2026-02-11T09:00:34
191,52,Christopher Norton Jr.,Panel,Systems Thinking,5,Modern drive people education great some bad.,2026-02-11T09:00:34
192,52,Christopher Norton Jr.,Panel,Execution,5,Learn during recently feel stock ball yard practice all if help.,2026-02-11T09:00:34
193,52,Mark Warner,Panel,Communication,5,Matter its six not teach believe month.,2026-02-22T17:00:34
194,52,Mark Warner,Panel,Problem Solving,3,Discover top realize note even under.,2026-02-22T17:00:34
195,52,Mark Warner,Panel,Ownership,2,Tonight nor allow up fire which onto sell require.,2026-02-22T17:00:34
196,52,Mark Warner,Panel,Systems Thinking,3,Up federal nor note support quality music himself science so ready.,2026-02-22T17:00:34
197,52,Mark Warner,Panel,Execution,1,May window approach join stuff future shoulder.,2026-02-22T17:00:34
198,52,Jennifer Ayala,Panel,Communication,2,Plant situation late direction need heart.,2026-01-28T12:00:34
199,52,Jennifer Ayala,Panel,Problem Solving,4,Quickly produce beat peace something require bank child.,2026-01-28T12:00:34
200,52,Jennifer Ayala,Panel,Ownership,5,Science first blood accept final growth especially.,2026-01-28T12:00:34
201,52,Jennifer Ayala,Panel,Systems Thinking,3,Beautiful issue news mention billion bed never.,2026-01-28T12:00:34
202,52,Jennifer Ayala,Panel,Execution,5,Our foot history factor hold be top toward within occur college herself catch.,2026-01-28T12:00:34
203,53,Johnny Brown,Panel,Communication,5,Every feel site guess want result many pattern leader career according.,2026-02-09T19:00:34
204,53,Johnny Brown,Panel,Problem Solving,3,Forward per sound forget friend spring teacher wind carry fly water.,2026-02-09T19:00:34
205,53,Johnny Brown,Panel,Ownership,1,Look concern huge five same plan whose site.,2026-02-09T19:00:34
206,53,Johnny Brown,Panel,Systems Thinking,2,Heavy staff hotel box nor or nation race nearly well.,2026-02-09T19:00:34
207,53,Johnny Brown,Panel,Execution,3,Wall decide something story attorney summer some pull cause field education.,2026-02-09T19:00:34
208,53,Jay Bennett,Panel,Communication,2,Wrong look husband media turn reality myself so growth time Mr.,2026-02-22T16:00:34
209,53,Jay Bennett,Panel,Problem Solving,3,Body eat professor coach partner none population.,2026-02-22T16:00:34
210,53,Jay Bennett,Panel,Ownership,3,Whom former someone black better develop section newspaper reach determine hear.,2026-02-22T16:00:34
211,53,Jay Bennett,Panel,Systems Thinking,5,Sign open matter general agency bit indeed which break wait center.,2026-02-22T16:00:34
212,53,Jay Bennett,Panel,Execution,2,Gas six miss give best reveal laugh attack and.,2026-02-22T16:00:34
213,53,Alison Cooper,Panel,Communication,3,Quality clearly worker during company civil nice.,2026-02-03T09:00:34
214,53,Alison Cooper,Panel,Problem Solving,5,Discussion if continue policy it ahead pass culture or home relate.,2026-02-03T09:00:34
215,53,Alison Cooper,Panel,Ownership,4,Everything region somebody officer son Mr hand culture.,2026-02-03T09:00:34
216,53,Alison Cooper,Panel,Systems Thinking,3,Energy television month police others particularly only.,2026-02-03T09:00:34
217,53,Alison Cooper,Panel,Execution,1,Goal leader common purpose song try opportunity public finish draw.,2026-02-03T09:00:34
218,53,James Thomas,Panel,Communication,3,Industry case himself control player really population yourself never majority.,2026-02-22T23:00:34
219,53,James Thomas,Panel,Problem Solving,1,Cost success people tend weight machine crime.,2026-02-22T23:00:34
220,53,James Thomas,Panel,Ownership,1,White measure manager range indeed style major bar air set.,2026-02-22T23:00:34
221,53,James Thomas,Panel,Systems Thinking,3,Allow different eye sit not significant manager member of.,2026-02-22T23:00:34
222,53,James Thomas,Panel,Execution,2,Simple statement happen state among rest national wrong bill.,2026-02-22T23:00:34
223,68,Nicole Evans,Panel,Communication,4,Last give stage keep yes simply.,2026-02-19T20:00:34
224,68,Nicole Evans,Panel,Problem Solving,5,Decide scene ready technology particular into pattern size spend.,2026-02-19T20:00:34
225,68,Nicole Evans,Panel,Ownership,1,Now mother others collection without fall.,2026-02-19T20:00:34
226,68,Nicole Evans,Panel,Systems Thinking,1,Environment teach world quickly believe while size try yeah term camera tend economic.,2026-02-19T20:00:34
227,68,Nicole Evans,Panel,Execution,1,Stock seven put majority officer environmental increase later plant they.,2026-02-19T20:00:34
228,68,Jose Ramirez,Panel,Communication,5,Lawyer maintain old than suggest behavior will play recently sure.,2026-01-25T21:00:34
229,68,Jose Ramirez,Panel,Problem Solving,1,Huge why station manager follow exist natural candidate system small thus several.,2026-01-25T21:00:34
230,68,Jose Ramirez,Panel,Ownership,3,Between six least buy tax kid.,2026-01-25T21:00:34
231,68,Jose Ramirez,Panel,Systems Thinking,5,Yeah into yet travel think few.,2026-01-25T21:00:34
232,68,Jose Ramirez,Panel,Execution,5,Behavior growth bar professor power appear personal rise sense.,2026-01-25T21:00:34
233,68,Brandon Davis,Panel,Communication,3,Live car difficult quite act receive stage write.,2026-02-21T06:00:34
234,68,Brandon Davis,Panel,Problem Solving,3,Really local director become south billion happen federal him spend themselves.,2026-02-21T06:00:34
235,68,Brandon Davis,Panel,Ownership,1,Attention none particular clearly goal defense security.,2026-02-21T06:00:34
236,68,Brandon Davis,Panel,Systems Thinking,3,Pattern kind describe to cause but role goal investment social easy.,2026-02-21T06:00:34
237,68,Brandon Davis,Panel,Execution,2,Easy over return expect wait agree suggest.,2026-02-21T06:00:34
238,73,Christine Lawson,Panel,Communication,4,Security far approach today west manager both matter.,2026-02-22T08:00:34
239,73,Christine Lawson,Panel,Problem Solving,5,Audience thousand activity guess first hit stuff inside national common likely would authority.,2026-02-22T08:00:34
240,73,Christine Lawson,Panel,Ownership,2,Attack energy always art smile media pick may indeed reduce bar Mr pattern.,2026-02-22T08:00:34
241,73,Christine Lawson,Panel,Systems Thinking,2,Base bad TV window choice force only shake power.,2026-02-22T08:00:34
242,73,Christine Lawson,Panel,Execution,2,Financial join well draw each under.,2026-02-22T08:00:34
243,73,Logan Brown,Panel,Communication,1,Budget remain reduce clearly well mission situation result.,2026-01-31T14:00:34
244,73,Logan Brown,Panel,Problem Solving,2,Head seek them run brother tonight friend investment.,2026-01-31T14:00:34
245,73,Logan Brown,Panel,Ownership,3,Ask Republican office baby lawyer growth matter note happy effort bill off.,2026-01-31T14:00:34
246,73,Logan Brown,Panel,Systems Thinking,4,Direction meeting analysis television each line him.,2026-01-31T14:00:34
247,73,Logan Brown,Panel,Execution,2,Condition whether along sort research pretty different.,2026-01-31T14:00:34
248,73,Thomas Flores,Panel,Communication,1,Number budget pull apply development middle.,2026-02-17T14:00:34
249,73,Thomas Flores,Panel,Problem Solving,4,West attention let executive suddenly force.,2026-02-17T14:00:34
250,73,Thomas Flores,Panel,Ownership,1,Lead hard factor six science drug happy will young simply run national somebody.,2026-02-17T14:00:34
251,73,Thomas Flores,Panel,Systems Thinking,4,According improve do get style theory week.,2026-02-17T14:00:34
252,73,Thomas Flores,Panel,Execution,2,Serve heavy scene film day work.,2026-02-17T14:00:34
253,73,Tyrone Kaufman,Panel,Communication,2,Republican behavior TV today mind red head.,2026-02-19T05:00:34
254,73,Tyrone Kaufman,Panel,Problem Solving,2,Oil measure PM hour option artist production.,2026-02-19T05:00:34
255,73,Tyrone Kaufman,Panel,Ownership,1,Door end fire song red save fish.,2026-02-19T05:00:34
256,73,Tyrone Kaufman,Panel,Systems Thinking,2,Do want carry show board black last finish building.,2026-02-19T05:00:34
257,73,Tyrone Kaufman,Panel,Execution,4,Who debate final enter build citizen rather step recent American.,2026-02-19T05:00:34
258,78,Erin Davis,Panel,Communication,5,Why how any federal star community weight take new.,2026-01-26T11:00:34
259,78,Erin Davis,Panel,Problem Solving,4,Economic left sound cause activity store work candidate statement head piece popular old.,2026-01-26T11:00:34
260,78,Erin Davis,Panel,Ownership,5,True avoid young cup position speak begin suggest speak.,2026-01-26T11:00:34
261,78,Erin Davis,Panel,Systems Thinking,3,Amount leave collection off start house ahead.,2026-01-26T11:00:34
262,78,Erin Davis,Panel,Execution,1,Common Democrat cost evidence third alone people early far include nearly.,2026-01-26T11:00:34
263,78,Douglas Taylor,Panel,Communication,3,Poor something eat yes myself affect him require.,2026-02-22T11:00:34
264,78,Douglas Taylor,Panel,Problem Solving,1,Name machine tree maybe home conference five despite time sing around yard.,2026-02-22T11:00:34
265,78,Douglas Taylor,Panel,Ownership,1,Group once do city easy drop move social say shake way offer.,2026-02-22T11:00:34
266,78,Douglas Taylor,Panel,Systems Thinking,5,Great stuff suddenly compare or south recently trial agreement red.,2026-02-22T11:00:34
267,78,Douglas Taylor,Panel,Execution,4,Nor none could write think man finally make bed discussion despite money a.,2026-02-22T11:00:34
268,83,Christina Anderson,Panel,Communication,1,Try such food against only true similar suffer.,2026-02-12T00:00:34
269,83,Christina Anderson,Panel,Problem Solving,4,Whether health walk how big few carry church we social.,2026-02-12T00:00:34
270,83,Christina Anderson,Panel,Ownership,5,Power company why really up skin development open compare fill read camera.,2026-02-12T00:00:34
271,83,Christina Anderson,Panel,Systems Thinking,2,We we hot yes whole allow.,2026-02-12T00:00:34
272,83,Christina Anderson,Panel,Execution,3,Fish speak particularly policy bit many former back get floor player white start.,2026-02-12T00:00:34
273,83,Monica Rogers,Panel,Communication,5,Enter economic attack either blue ability.,2026-02-23T21:00:34
274,83,Monica Rogers,Panel,Problem Solving,5,Just information coach increase think goal heart stock small official.,2026-02-23T21:00:34
275,83,Monica Rogers,Panel,Ownership,2,Class available suffer far five weight avoid color.,2026-02-23T21:00:34
276,83,Monica Rogers,Panel,Systems Thinking,3,Claim avoid walk within full world throw relate issue president.,2026-02-23T21:00:34
277,83,Monica Rogers,Panel,Execution,4,Threat church big day couple recent reveal role enter example down anyone occur.,2026-02-23T21:00:34
278,83,Brittany Ward,Panel,Communication,5,Because station person lose best deal point with list break size.,2026-02-22T22:00:34
279,83,Brittany Ward,Panel,Problem Solving,3,Major produce before name continue those hard knowledge enjoy let difficult environmental.,2026-02-22T22:00:34
280,83,Brittany Ward,Panel,Ownership,1,Character recent benefit property space including.,2026-02-22T22:00:34
281,83,Brittany Ward,Panel,Systems Thinking,3,Dinner article hit mission whole reach view of dog federal house take alone.,2026-02-22T22:00:34
282,83,Brittany Ward,Panel,Execution,5,Too song quality per build serious common worker will speak call interest write.,2026-02-22T22:00:34
283,85,Zachary Burton,Panel,Communication,5,Election treat trial attack hold however for everybody leader them skill performance mission.,2026-02-15T07:00:34
284,85,Zachary Burton,Panel,Problem Solving,2,Both change note old who beyond black single size test they.,2026-02-15T07:00:34
285,85,Zachary Burton,Panel,Ownership,2,Enough pressure occur list common idea peace race I how these.,2026-02-15T07:00:34
286,85,Zachary Burton,Panel,Systems Thinking,4,Any little environmental head full soldier financial successful teach.,2026-02-15T07:00:34
287,85,Zachary Burton,Panel,Execution,4,Win direction feel season similar fly rock.,2026-02-15T07:00:34
288,85,Ann Alexander,Panel,Communication,5,Scientist service test start middle city find medical career surface these.,2026-02-03T20:00:34
289,85,Ann Alexander,Panel,Problem Solving,5,Community themselves customer arm almost anything.,2026-02-03T20:00:34
290,85,Ann Alexander,Panel,Ownership,3,Relate ever statement measure play buy air head order concern.,2026-02-03T20:00:34
291,85,Ann Alexander,Panel,Systems Thinking,4,Only glass clear thus see read expect hit clear occur who tax.,2026-02-03T20:00:34
292,85,Ann Alexander,Panel,Execution,5,Question especially important after sister should across treatment.,2026-02-03T20:00:34
293,85,Lindsay Smith,Panel,Communication,2,Part wall require remember every time surface learn design.,2026-01-30T19:00:34
294,85,Lindsay Smith,Panel,Problem Solving,4,Quality station however bill memory production successful hear positive.,2026-01-30T19:00:34
295,85,Lindsay Smith,Panel,Ownership,5,Executive range loss from everybody foot everybody prevent weight prepare could military drive.,2026-01-30T19:00:34
296,85,Lindsay Smith,Panel,Systems Thinking,5,South sort outside produce race return.,2026-01-30T19:00:34
297,85,Lindsay Smith,Panel,Execution,3,Young else industry home along remain occur couple risk develop movement size.,2026-01-30T19:00:34
298,86,Megan Romero,Panel,Communication,2,Subject theory Congress best campaign else space several.,2026-02-04T13:00:34
299,86,Megan Romero,Panel,Problem Solving,1,Water tonight pressure develop development the inside thought.,2026-02-04T13:00:34
300,86,Megan Romero,Panel,Ownership,3,End family surface like term on want author threat matter.,2026-02-04T13:00:34
301,86,Megan Romero,Panel,Systems Thinking,5,Morning including that character yeah garden would throughout would century.,2026-02-04T13:00:34
302,86,Megan Romero,Panel,Execution,5,Single maintain piece computer play above event seven.,2026-02-04T13:00:34
303,86,Phillip Burns,Panel,Communication,2,Can its investment investment local above move.,2026-02-15T17:00:34
304,86,Phillip Burns,Panel,Problem Solving,3,Wear throughout series most adult above safe difficult theory fine.,2026-02-15T17:00:34
305,86,Phillip Burns,Panel,Ownership,2,Himself open cold statement fear fact road.,2026-02-15T17:00:34
306,86,Phillip Burns,Panel,Systems Thinking,2,Model its rather card you majority seek close trade speech affect difference world.,2026-02-15T17:00:34
307,86,Phillip Burns,Panel,Execution,2,Safe operation college hand practice also theory eight.,2026-02-15T17:00:34
308,86,Amber Vang,Panel,Communication,4,President after ready indicate herself natural listen.,2026-02-25T18:00:34
309,86,Amber Vang,Panel,Problem Solving,5,Day rate act inside big minute performance.,2026-02-25T18:00:34
310,86,Amber Vang,Panel,Ownership,1,Industry together memory pay executive size marriage.,2026-02-25T18:00:34
311,86,Amber Vang,Panel,Systems Thinking,4,Current enjoy mission cut region far always many debate value former able public.,2026-02-25T18:00:34
312,86,Amber Vang,Panel,Execution,4,Structure protect chance bed memory rich big.,2026-02-25T18:00:34
313,87,David Hinton,Panel,Communication,4,Enough anyone spend them system growth quality international break.,2026-02-18T21:00:34
314,87,David Hinton,Panel,Problem Solving,4,Act catch positive forget thus western.,2026-02-18T21:00:34
315,87,David Hinton,Panel,Ownership,2,There behavior spring consumer husband while even history surface.,2026-02-18T21:00:34
316,87,David Hinton,Panel,Systems Thinking,2,Power someone both receive around wall city indeed opportunity soon question.,2026-02-18T21:00:34
317,87,David Hinton,Panel,Execution,1,Particularly single particularly television they road through low.,2026-02-18T21:00:34
318,87,Stephen Alexander Jr.,Panel,Communication,2,Actually than modern season rich difference what their mind read.,2026-01-28T16:00:34
319,87,Stephen Alexander Jr.,Panel,Problem Solving,2,Believe product eat generation put his stuff next write approach poor church support.,2026-01-28T16:00:34
320,87,Stephen Alexander Jr.,Panel,Ownership,5,Thank avoid man drive wife anyone development poor idea dog learn soon.,2026-01-28T16:00:34
321,87,Stephen Alexander Jr.,Panel,Systems Thinking,4,Because material firm wonder seat adult idea along near stay social.,2026-01-28T16:00:34
322,87,Stephen Alexander Jr.,Panel,Execution,1,Point three none pressure lay future stay staff such forward should outside respond.,2026-01-28T16:00:34
323,87,Jesse Davis,Panel,Communication,1,Able great plant son natural hear blood to.,2026-02-08T12:00:34
324,87,Jesse Davis,Panel,Problem Solving,4,Cell response return blood particularly could us hotel lead sit response blue.,2026-02-08T12:00:34
325,87,Jesse Davis,Panel,Ownership,2,Another plan public but through leader operation mean white above save.,2026-02-08T12:00:34
326,87,Jesse Davis,Panel,Systems Thinking,4,Very stuff lot meet TV concern official room campaign hold over third mean.,2026-02-08T12:00:34
327,87,Jesse Davis,Panel,Execution,5,Industry participant realize eat huge garden family source catch owner.,2026-02-08T12:00:34
328,87,Kayla Cameron,Panel,Communication,4,Team Republican very plan cut person fact generation public wonder practice when mean.,2026-02-08T00:00:34
329,87,Kayla Cameron,Panel,Problem Solving,5,Report set no old wall report purpose throw move there.,2026-02-08T00:00:34
330,87,Kayla Cameron,Panel,Ownership,5,Space mission agent certainly prove customer seek claim expert economy style.,2026-02-08T00:00:34
331,87,Kayla Cameron,Panel,Systems Thinking,4,Daughter must grow laugh pattern push no difference positive.,2026-02-08T00:00:34
332,87,Kayla Cameron,Panel,Execution,5,Down six sometimes explain professor unit hold what wish fine.,2026-02-08T00:00:34
333,90,Alexandria King,Panel,Communication,2,Than team kitchen difficult plant remember happy open school cultural right cover large.,2026-02-02T04:00:34
334,90,Alexandria King,Panel,Problem Solving,3,Cost community message help investment news.,2026-02-02T04:00:34
335,90,Alexandria King,Panel,Ownership,5,Claim suffer accept letter visit always up.,2026-02-02T04:00:34
336,90,Alexandria King,Panel,Systems Thinking,4,Anything usually past product make of group six fish detail contain attention measure.,2026-02-02T04:00:34
337,90,Alexandria King,Panel,Execution,2,Myself idea glass third professional former family wear peace little no.,2026-02-02T04:00:34
338,90,Marie Wilson,Panel,Communication,2,Knowledge toward party perform where radio fly trouble war history.,2026-02-17T05:00:34
339,90,Marie Wilson,Panel,Problem Solving,3,Rich agency might side method meet main fast prepare fly bank benefit.,2026-02-17T05:00:34
340,90,Marie Wilson,Panel,Systems Thinking,3,Mouth phone decision picture defense rate structure day stock these scientist itself.,2026-02-17T05:00:34
341,90,Marie Wilson,Panel,Execution,3,Section child learn forward beautiful approach.,2026-02-17T05:00:34
342,101,Kristin Andrews,Panel,Communication,2,Treat imagine later identify first hope brother accept.,2026-02-21T15:00:34
343,101,Kristin Andrews,Panel,Problem Solving,2,As second animal summer group me face rate paper example unit high state.,2026-02-21T15:00:34
344,101,Kristin Andrews,Panel,Ownership,1,Listen mouth carry hospital something nation.,2026-02-21T15:00:34
345,101,Kristin Andrews,Panel,Systems Thinking,4,Fear thought whole term possible whatever action.,2026-02-21T15:00:34
346,101,Kristin Andrews,Panel,Execution,4,Center among of hour natural be decide scientist rise deep town surface central.,2026-02-21T15:00:34
347,101,Luis King,Panel,Communication,1,Consider son system surface usually yes leave.,2026-02-15T02:00:34
348,101,Luis King,Panel,Problem Solving,2,Available public economy culture oil week ground provide doctor expect attorney cover magazine.,2026-02-15T02:00:34
349,101,Luis King,Panel,Ownership,4,Pattern figure once not hair first into above east develop.,2026-02-15T02:00:34
350,101,Luis King,Panel,Systems Thinking,4,Everybody growth quickly former lose knowledge simple main board population bank.,2026-02-15T02:00:34
351,101,Luis King,Panel,Execution,5,Teach cause Mrs enjoy though baby away affect medical.,2026-02-15T02:00:34
352,104,Kevin Sullivan,Panel,Communication,1,Defense already end thus music president chance hotel through operation tax card may.,2026-01-29T01:00:34
353,104,Kevin Sullivan,Panel,Problem Solving,3,However maybe production summer southern pass coach.,2026-01-29T01:00:34
354,104,Kevin Sullivan,Panel,Ownership,3,Cell city not not the certainly rule voice American seven discussion enough.,2026-01-29T01:00:34
355,104,Kevin Sullivan,Panel,Systems Thinking,4,Amount deal traditional guess like lawyer another wonder.,2026-01-29T01:00:34
356,104,Kevin Sullivan,Panel,Execution,4,Billion why plant event score official now heavy her onto.,2026-01-29T01:00:34
357,104,Angela King,Panel,Communication,5,Might good test main lot page maybe catch.,2026-02-07T20:00:34
358,104,Angela King,Panel,Problem Solving,2,Discover method exactly change church own stage produce.,2026-02-07T20:00:34
359,104,Angela King,Panel,Ownership,4,Specific result loss long decision claim street against amount of claim.,2026-02-07T20:00:34
360,104,Angela King,Panel,Systems Thinking,2,Mention three chair coach two might if wide point these road start water describe.,2026-02-07T20:00:34
361,104,Angela King,Panel,Execution,3,Yeah test color store over some star consider process enough right garden law.,2026-02-07T20:00:34
362,112,Crystal Cruz,Panel,Communication,4,Admit mission training range step painting concern.,2026-02-13T09:00:34
363,112,Crystal Cruz,Panel,Problem Solving,2,Outside there mother sell behavior process top much ability visit question issue inside.,2026-02-13T09:00:34
364,112,Crystal Cruz,Panel,Ownership,4,Recently investment voice lot shoulder go.,2026-02-13T09:00:34
365,112,Crystal Cruz,Panel,Systems Thinking,2,Best care local discussion teacher exist theory impact country remember smile official brother.,2026-02-13T09:00:34
366,112,Crystal Cruz,Panel,Execution,5,Heart day sound impact blood international.,2026-02-13T09:00:34
367,112,Deborah Herrera,Panel,Communication,5,Hand every quite sense including six lot have never effect fill general relationship.,2026-02-08T19:00:34
368,112,Deborah Herrera,Panel,Problem Solving,5,Talk process security land record class Democrat.,2026-02-08T19:00:34
369,112,Deborah Herrera,Panel,Ownership,1,Skill song pass range appear home player source statement likely outside.,2026-02-08T19:00:34
370,112,Deborah Herrera,Panel,Systems Thinking,1,Ask develop bag also his worker pass.,2026-02-08T19:00:34
371,112,Deborah Herrera,Panel,Execution,4,Expert white arm similar compare manager action sure us million crime six.,2026-02-08T19:00:34
